year,region,round,team_a,team_b,team_a_seed,team_b_seed,winner
2012,East,First,syracuse,north-carolina-asheville,1,16,syracuse
2012,East,First,kansas-state,southern-mississippi,8,9,kansas-state
2012,East,First,vanderbilt,harvard,5,12,vanderbilt
2012,East,First,wisconsin,montana,4,13,wisconsin
2012,East,First,cincinnati,texas,6,11,cincinnati
2012,East,First,florida-state,st-bonaventure,3,14,florida-state
2012,East,First,gonzaga,west-virginia,7,10,gonzaga
2012,East,First,ohio-state,loyola-md,2,15,ohio-state
2012,East,Second,syracuse,kansas-state,1,8,syracuse
2012,East,Second,vanderbilt,wisconsin,5,4,wisconsin
2012,East,Second,cincinnati,florida-state,6,3,cincinnati
2012,East,Second,gonzaga,ohio-state,7,2,ohio-state
2012,East,Sweet 16,syracuse,wisconsin,1,4,syracuse
2012,East,Sweet 16,cincinnati,ohio-state,6,2,ohio-state
2012,East,Elite 8,syracuse,ohio-state,1,2,ohio-state
2012,Midwest,First,north-carolina,vermont,1,16,north-carolina
2012,Midwest,First,creighton,alabama,8,9,creighton
2012,Midwest,First,temple,south-florida,5,12,south-florida
2012,Midwest,First,michigan,ohio,4,13,ohio
2012,Midwest,First,san-diego-state,north-carolina-state,6,11,north-carolina-state
2012,Midwest,First,georgetown,belmont,3,14,georgetown
2012,Midwest,First,saint-marys-ca,purdue,7,10,purdue
2012,Midwest,First,kansas,detroit-mercy,2,15,kansas
2012,Midwest,Second,north-carolina,creighton,1,8,north-carolina
2012,Midwest,Second,south-florida,ohio,12,13,ohio
2012,Midwest,Second,north-carolina-state,georgetown,11,3,north-carolina-state
2012,Midwest,Second,purdue,kansas,10,2,kansas
2012,Midwest,Sweet 16,north-carolina,ohio,1,13,north-carolina
2012,Midwest,Sweet 16,north-carolina-state,kansas,11,2,kansas
2012,Midwest,Elite 8,north-carolina,kansas,1,2,kansas
2012,South,First,kentucky,western-kentucky,1,16,kentucky
2012,South,First,iowa-state,connecticut,8,9,iowa-state
2012,South,First,wichita-state,virginia-commonwealth,5,12,virginia-commonwealth
2012,South,First,indiana,new-mexico-state,4,13,indiana
2012,South,First,nevada-las-vegas,colorado,6,11,colorado
2012,South,First,baylor,south-dakota-state,3,14,baylor
2012,South,First,notre-dame,xavier,7,10,xavier
2012,South,First,duke,lehigh,2,15,lehigh
2012,South,Second,kentucky,iowa-state,1,8,kentucky
2012,South,Second,virginia-commonwealth,indiana,12,4,indiana
2012,South,Second,colorado,baylor,11,3,baylor
2012,South,Second,xavier,lehigh,10,15,xavier
2012,South,Sweet 16,kentucky,indiana,1,4,kentucky
2012,South,Sweet 16,baylor,xavier,3,10,baylor
2012,South,Elite 8,kentucky,baylor,1,3,kentucky
2012,West,First,michigan-state,long-island-university,1,16,michigan-state
2012,West,First,memphis,saint-louis,8,9,saint-louis
2012,West,First,new-mexico,long-beach-state,5,12,new-mexico
2012,West,First,louisville,davidson,4,13,louisville
2012,West,First,murray-state,colorado-state,6,11,murray-state
2012,West,First,marquette,brigham-young,3,14,marquette
2012,West,First,florida,virginia,7,10,florida
2012,West,First,missouri,norfolk-state,2,15,norfolk-state
2012,West,Second,michigan-state,saint-louis,1,9,michigan-state
2012,West,Second,new-mexico,louisville,5,4,louisville
2012,West,Second,murray-state,marquette,6,3,marquette
2012,West,Second,florida,norfolk-state,7,15,florida
2012,West,Sweet 16,michigan-state,louisville,1,4,louisville
2012,West,Sweet 16,marquette,florida,3,7,florida
2012,West,Elite 8,louisville,florida,4,7,louisville
2012,National,Final 4,kentucky,louisville,1,4,kentucky
2012,National,Final 4,ohio-state,kansas,2,2,kansas
2012,National,National Championship,kentucky,kansas,1,2,kentucky
2013,East,First,indiana,james-madison,1,16,indiana
2013,East,First,north-carolina-state,temple,8,9,temple
2013,East,First,nevada-las-vegas,california,5,12,california
2013,East,First,syracuse,montana,4,13,syracuse
2013,East,First,butler,bucknell,6,11,butler
2013,East,First,marquette,davidson,3,14,marquette
2013,East,First,illinois,colorado,7,10,illinois
2013,East,First,miami-fl,pacific,2,15,miami-fl
2013,East,Second,indiana,temple,1,9,indiana
2013,East,Second,california,syracuse,12,4,syracuse
2013,East,Second,butler,marquette,6,3,marquette
2013,East,Second,illinois,miami-fl,7,2,miami-fl
2013,East,Sweet 16,indiana,syracuse,1,4,syracuse
2013,East,Sweet 16,marquette,miami-fl,3,2,marquette
2013,East,Elite 8,syracuse,marquette,4,3,syracuse
2013,Midwest,First,louisville,north-carolina-at,1,16,louisville
2013,Midwest,First,colorado-state,missouri,8,9,colorado-state
2013,Midwest,First,oklahoma-state,oregon,5,12,oregon
2013,Midwest,First,saint-louis,new-mexico-state,4,13,saint-louis
2013,Midwest,First,memphis,saint-marys-ca,6,11,memphis
2013,Midwest,First,michigan-state,valparaiso,3,14,michigan-state
2013,Midwest,First,creighton,cincinnati,7,10,creighton
2013,Midwest,First,duke,albany-ny,2,15,duke
2013,Midwest,Second,louisville,colorado-state,1,8,louisville
2013,Midwest,Second,oregon,saint-louis,12,4,oregon
2013,Midwest,Second,memphis,michigan-state,6,3,michigan-state
2013,Midwest,Second,creighton,duke,7,2,duke
2013,Midwest,Sweet 16,louisville,oregon,1,12,louisville
2013,Midwest,Sweet 16,michigan-state,duke,3,2,duke
2013,Midwest,Elite 8,louisville,duke,1,2,louisville
2013,South,First,kansas,western-kentucky,1,16,kansas
2013,South,First,north-carolina,villanova,8,9,north-carolina
2013,South,First,virginia-commonwealth,akron,5,12,virginia-commonwealth
2013,South,First,michigan,south-dakota-state,4,13,michigan
2013,South,First,ucla,minnesota,6,11,minnesota
2013,South,First,florida,northwestern-state,3,14,florida
2013,South,First,san-diego-state,oklahoma,7,10,san-diego-state
2013,South,First,georgetown,florida-gulf-coast,2,15,florida-gulf-coast
2013,South,Second,kansas,north-carolina,1,8,kansas
2013,South,Second,virginia-commonwealth,michigan,5,4,michigan
2013,South,Second,minnesota,florida,11,3,florida
2013,South,Second,san-diego-state,florida-gulf-coast,7,15,florida-gulf-coast
2013,South,Sweet 16,kansas,michigan,1,4,michigan
2013,South,Sweet 16,florida,florida-gulf-coast,3,15,florida
2013,South,Elite 8,michigan,florida,4,3,michigan
2013,West,First,gonzaga,southern,1,16,gonzaga
2013,West,First,pittsburgh,wichita-state,8,9,wichita-state
2013,West,First,wisconsin,mississippi,5,12,mississippi
2013,West,First,kansas-state,la-salle,4,13,la-salle
2013,West,First,arizona,belmont,6,11,arizona
2013,West,First,new-mexico,harvard,3,14,harvard
2013,West,First,notre-dame,iowa-state,7,10,iowa-state
2013,West,First,ohio-state,iona,2,15,ohio-state
2013,West,Second,gonzaga,wichita-state,1,9,wichita-state
2013,West,Second,mississippi,la-salle,12,13,la-salle
2013,West,Second,arizona,harvard,6,14,arizona
2013,West,Second,iowa-state,ohio-state,10,2,ohio-state
2013,West,Sweet 16,wichita-state,la-salle,9,13,wichita-state
2013,West,Sweet 16,arizona,ohio-state,6,2,ohio-state
2013,West,Elite 8,wichita-state,ohio-state,9,2,wichita-state
2013,National,Final 4,louisville,wichita-state,1,9,louisville
2013,National,Final 4,syracuse,michigan,4,4,michigan
2013,National,National Championship,louisville,michigan,1,4,louisville
2014,East,First,virginia,coastal-carolina,1,16,virginia
2014,East,First,memphis,george-washington,8,9,memphis
2014,East,First,cincinnati,harvard,5,12,harvard
2014,East,First,michigan-state,delaware,4,13,michigan-state
2014,East,First,north-carolina,providence,6,11,north-carolina
2014,East,First,iowa-state,north-carolina-central,3,14,iowa-state
2014,East,First,connecticut,saint-josephs,7,10,connecticut
2014,East,First,villanova,milwaukee,2,15,villanova
2014,East,Second,virginia,memphis,1,8,virginia
2014,East,Second,harvard,michigan-state,12,4,michigan-state
2014,East,Second,north-carolina,iowa-state,6,3,iowa-state
2014,East,Second,connecticut,villanova,7,2,connecticut
2014,East,Sweet 16,virginia,michigan-state,1,4,michigan-state
2014,East,Sweet 16,iowa-state,connecticut,3,7,connecticut
2014,East,Elite 8,michigan-state,connecticut,4,7,connecticut
2014,Midwest,First,wichita-state,cal-poly,1,16,wichita-state
2014,Midwest,First,kentucky,kansas-state,8,9,kentucky
2014,Midwest,First,saint-louis,north-carolina-state,5,12,saint-louis
2014,Midwest,First,louisville,manhattan,4,13,louisville
2014,Midwest,First,massachusetts,tennessee,6,11,tennessee
2014,Midwest,First,duke,mercer,3,14,mercer
2014,Midwest,First,texas,arizona-state,7,10,texas
2014,Midwest,First,michigan,wofford,2,15,michigan
2014,Midwest,Second,wichita-state,kentucky,1,8,kentucky
2014,Midwest,Second,saint-louis,louisville,5,4,louisville
2014,Midwest,Second,tennessee,mercer,11,14,tennessee
2014,Midwest,Second,texas,michigan,7,2,michigan
2014,Midwest,Sweet 16,kentucky,louisville,8,4,kentucky
2014,Midwest,Sweet 16,tennessee,michigan,11,2,michigan
2014,Midwest,Elite 8,kentucky,michigan,8,2,kentucky
2014,South,First,florida,albany-ny,1,16,florida
2014,South,First,colorado,pittsburgh,8,9,pittsburgh
2014,South,First,virginia-commonwealth,stephen-f-austin,5,12,stephen-f-austin
2014,South,First,ucla,tulsa,4,13,ucla
2014,South,First,ohio-state,dayton,6,11,dayton
2014,South,First,syracuse,western-michigan,3,14,syracuse
2014,South,First,new-mexico,stanford,7,10,stanford
2014,South,First,kansas,eastern-kentucky,2,15,kansas
2014,South,Second,florida,pittsburgh,1,9,florida
2014,South,Second,stephen-f-austin,ucla,12,4,ucla
2014,South,Second,dayton,syracuse,11,3,dayton
2014,South,Second,stanford,kansas,10,2,stanford
2014,South,Sweet 16,florida,ucla,1,4,florida
2014,South,Sweet 16,dayton,stanford,11,10,dayton
2014,South,Elite 8,florida,dayton,1,11,florida
2014,West,First,arizona,weber-state,1,16,arizona
2014,West,First,gonzaga,oklahoma-state,8,9,gonzaga
2014,West,First,oklahoma,north-dakota-state,5,12,north-dakota-state
2014,West,First,san-diego-state,new-mexico-state,4,13,san-diego-state
2014,West,First,baylor,nebraska,6,11,baylor
2014,West,First,creighton,louisiana-lafayette,3,14,creighton
2014,West,First,oregon,brigham-young,7,10,oregon
2014,West,First,wisconsin,american,2,15,wisconsin
2014,West,Second,arizona,gonzaga,1,8,arizona
2014,West,Second,north-dakota-state,san-diego-state,12,4,san-diego-state
2014,West,Second,baylor,creighton,6,3,baylor
2014,West,Second,oregon,wisconsin,7,2,wisconsin
2014,West,Sweet 16,arizona,san-diego-state,1,4,arizona
2014,West,Sweet 16,baylor,wisconsin,6,2,wisconsin
2014,West,Elite 8,arizona,wisconsin,1,2,wisconsin
2014,National,Final 4,connecticut,florida,7,1,connecticut
2014,National,Final 4,wisconsin,kentucky,2,8,kentucky
2014,National,National Championship,connecticut,kentucky,7,8,connecticut
2015,East,First,villanova,lafayette,1,16,villanova
2015,East,First,north-carolina-state,louisiana-state,8,9,north-carolina-state
2015,East,First,northern-iowa,wyoming,5,12,northern-iowa
2015,East,First,louisville,california-irvine,4,13,louisville
2015,East,First,providence,dayton,6,11,dayton
2015,East,First,oklahoma,albany-ny,3,14,oklahoma
2015,East,First,michigan-state,georgia,7,10,michigan-state
2015,East,First,virginia,belmont,2,15,virginia
2015,East,Second,villanova,north-carolina-state,1,8,north-carolina-state
2015,East,Second,northern-iowa,louisville,5,4,louisville
2015,East,Second,dayton,oklahoma,11,3,oklahoma
2015,East,Second,michigan-state,virginia,7,2,michigan-state
2015,East,Sweet 16,north-carolina-state,louisville,8,4,louisville
2015,East,Sweet 16,oklahoma,michigan-state,3,7,michigan-state
2015,East,Elite 8,louisville,michigan-state,4,7,michigan-state
2015,Midwest,First,kentucky,hampton,1,16,kentucky
2015,Midwest,First,cincinnati,purdue,8,9,cincinnati
2015,Midwest,First,west-virginia,buffalo,5,12,west-virginia
2015,Midwest,First,maryland,valparaiso,4,13,maryland
2015,Midwest,First,butler,texas,6,11,butler
2015,Midwest,First,notre-dame,northeastern,3,14,notre-dame
2015,Midwest,First,wichita-state,indiana,7,10,wichita-state
2015,Midwest,First,kansas,new-mexico-state,2,15,kansas
2015,Midwest,Second,kentucky,cincinnati,1,8,kentucky
2015,Midwest,Second,west-virginia,maryland,5,4,west-virginia
2015,Midwest,Second,butler,notre-dame,6,3,notre-dame
2015,Midwest,Second,wichita-state,kansas,7,2,wichita-state
2015,Midwest,Sweet 16,kentucky,west-virginia,1,5,kentucky
2015,Midwest,Sweet 16,notre-dame,wichita-state,3,7,notre-dame
2015,Midwest,Elite 8,kentucky,notre-dame,1,3,kentucky
2015,South,First,duke,robert-morris,1,16,duke
2015,South,First,san-diego-state,st-johns-ny,8,9,san-diego-state
2015,South,First,utah,stephen-f-austin,5,12,utah
2015,South,First,georgetown,eastern-washington,4,13,georgetown
2015,South,First,southern-methodist,ucla,6,11,ucla
2015,South,First,iowa-state,alabama-birmingham,3,14,alabama-birmingham
2015,South,First,iowa,davidson,7,10,iowa
2015,South,First,gonzaga,north-dakota-state,2,15,gonzaga
2015,South,Second,duke,san-diego-state,1,8,duke
2015,South,Second,utah,georgetown,5,4,utah
2015,South,Second,ucla,alabama-birmingham,11,14,ucla
2015,South,Second,iowa,gonzaga,7,2,gonzaga
2015,South,Sweet 16,duke,utah,1,5,duke
2015,South,Sweet 16,ucla,gonzaga,11,2,gonzaga
2015,South,Elite 8,duke,gonzaga,1,2,duke
2015,West,First,wisconsin,coastal-carolina,1,16,wisconsin
2015,West,First,oregon,oklahoma-state,8,9,oregon
2015,West,First,arkansas,wofford,5,12,arkansas
2015,West,First,north-carolina,harvard,4,13,north-carolina
2015,West,First,xavier,mississippi,6,11,xavier
2015,West,First,baylor,georgia-state,3,14,georgia-state
2015,West,First,virginia-commonwealth,ohio-state,7,10,ohio-state
2015,West,First,arizona,texas-southern,2,15,arizona
2015,West,Second,wisconsin,oregon,1,8,wisconsin
2015,West,Second,arkansas,north-carolina,5,4,north-carolina
2015,West,Second,xavier,georgia-state,6,14,xavier
2015,West,Second,ohio-state,arizona,10,2,arizona
2015,West,Sweet 16,wisconsin,north-carolina,1,4,wisconsin
2015,West,Sweet 16,xavier,arizona,6,2,arizona
2015,West,Elite 8,wisconsin,arizona,1,2,wisconsin
2015,National,Final 4,duke,michigan-state,1,7,duke
2015,National,Final 4,kentucky,wisconsin,1,1,wisconsin
2015,National,National Championship,duke,wisconsin,1,1,duke
2016,East,First,north-carolina,florida-gulf-coast,1,16,north-carolina
2016,East,First,southern-california,providence,8,9,providence
2016,East,First,indiana,chattanooga,5,12,indiana
2016,East,First,kentucky,stony-brook,4,13,kentucky
2016,East,First,notre-dame,michigan,6,11,notre-dame
2016,East,First,west-virginia,stephen-f-austin,3,14,stephen-f-austin
2016,East,First,wisconsin,pittsburgh,7,10,wisconsin
2016,East,First,xavier,weber-state,2,15,xavier
2016,East,Second,north-carolina,providence,1,9,north-carolina
2016,East,Second,indiana,kentucky,5,4,indiana
2016,East,Second,notre-dame,stephen-f-austin,6,14,notre-dame
2016,East,Second,wisconsin,xavier,7,2,wisconsin
2016,East,Sweet 16,north-carolina,indiana,1,5,north-carolina
2016,East,Sweet 16,notre-dame,wisconsin,6,7,notre-dame
2016,East,Elite 8,north-carolina,notre-dame,1,6,north-carolina
2016,Midwest,First,virginia,hampton,1,16,virginia
2016,Midwest,First,texas-tech,butler,8,9,butler
2016,Midwest,First,purdue,arkansas-little-rock,5,12,arkansas-little-rock
2016,Midwest,First,iowa-state,iona,4,13,iowa-state
2016,Midwest,First,seton-hall,gonzaga,6,11,gonzaga
2016,Midwest,First,utah,fresno-state,3,14,utah
2016,Midwest,First,dayton,syracuse,7,10,syracuse
2016,Midwest,First,michigan-state,middle-tennessee,2,15,middle-tennessee
2016,Midwest,Second,virginia,butler,1,9,virginia
2016,Midwest,Second,arkansas-little-rock,iowa-state,12,4,iowa-state
2016,Midwest,Second,gonzaga,utah,11,3,gonzaga
2016,Midwest,Second,syracuse,middle-tennessee,10,15,syracuse
2016,Midwest,Sweet 16,virginia,iowa-state,1,4,virginia
2016,Midwest,Sweet 16,gonzaga,syracuse,11,10,syracuse
2016,Midwest,Elite 8,virginia,syracuse,1,10,syracuse
2016,South,First,kansas,austin-peay,1,16,kansas
2016,South,First,colorado,connecticut,8,9,connecticut
2016,South,First,maryland,south-dakota-state,5,12,maryland
2016,South,First,california,hawaii,4,13,hawaii
2016,South,First,arizona,wichita-state,6,11,wichita-state
2016,South,First,miami-fl,buffalo,3,14,miami-fl
2016,South,First,iowa,temple,7,10,iowa
2016,South,First,villanova,north-carolina-asheville,2,15,villanova
2016,South,Second,kansas,connecticut,1,9,kansas
2016,South,Second,maryland,hawaii,5,13,maryland
2016,South,Second,wichita-state,miami-fl,11,3,miami-fl
2016,South,Second,iowa,villanova,7,2,villanova
2016,South,Sweet 16,kansas,maryland,1,5,kansas
2016,South,Sweet 16,miami-fl,villanova,3,2,villanova
2016,South,Elite 8,kansas,villanova,1,2,villanova
2016,West,First,oregon,holy-cross,1,16,oregon
2016,West,First,saint-josephs,cincinnati,8,9,saint-josephs
2016,West,First,baylor,yale,5,12,yale
2016,West,First,duke,north-carolina-wilmington,4,13,duke
2016,West,First,texas,northern-iowa,6,11,northern-iowa
2016,West,First,texas-am,green-bay,3,14,texas-am
2016,West,First,oregon-state,virginia-commonwealth,7,10,virginia-commonwealth
2016,West,First,oklahoma,cal-state-bakersfield,2,15,oklahoma
2016,West,Second,oregon,saint-josephs,1,8,oregon
2016,West,Second,yale,duke,12,4,duke
2016,West,Second,northern-iowa,texas-am,11,3,texas-am
2016,West,Second,virginia-commonwealth,oklahoma,10,2,oklahoma
2016,West,Sweet 16,oregon,duke,1,4,oregon
2016,West,Sweet 16,texas-am,oklahoma,3,2,oklahoma
2016,West,Elite 8,oregon,oklahoma,1,2,oklahoma
2016,National,Final 4,villanova,oklahoma,2,2,villanova
2016,National,Final 4,syracuse,north-carolina,10,1,north-carolina
2016,National,National Championship,villanova,north-carolina,2,1,villanova
2017,East,First,villanova,mount-st-marys,1,16,villanova
2017,East,First,wisconsin,virginia-tech,8,9,wisconsin
2017,East,First,virginia,north-carolina-wilmington,5,12,virginia
2017,East,First,florida,east-tennessee-state,4,13,florida
2017,East,First,southern-methodist,southern-california,6,11,southern-california
2017,East,First,baylor,new-mexico-state,3,14,baylor
2017,East,First,south-carolina,marquette,7,10,south-carolina
2017,East,First,duke,troy,2,15,duke
2017,East,Second,villanova,wisconsin,1,8,wisconsin
2017,East,Second,virginia,florida,5,4,florida
2017,East,Second,southern-california,baylor,11,3,baylor
2017,East,Second,south-carolina,duke,7,2,south-carolina
2017,East,Sweet 16,wisconsin,florida,8,4,florida
2017,East,Sweet 16,baylor,south-carolina,3,7,south-carolina
2017,East,Elite 8,florida,south-carolina,4,7,south-carolina
2017,Midwest,First,kansas,california-davis,1,16,kansas
2017,Midwest,First,miami-fl,michigan-state,8,9,michigan-state
2017,Midwest,First,iowa-state,nevada,5,12,iowa-state
2017,Midwest,First,purdue,vermont,4,13,purdue
2017,Midwest,First,creighton,rhode-island,6,11,rhode-island
2017,Midwest,First,oregon,iona,3,14,oregon
2017,Midwest,First,michigan,oklahoma-state,7,10,michigan
2017,Midwest,First,louisville,jacksonville-state,2,15,louisville
2017,Midwest,Second,kansas,michigan-state,1,9,kansas
2017,Midwest,Second,iowa-state,purdue,5,4,purdue
2017,Midwest,Second,rhode-island,oregon,11,3,oregon
2017,Midwest,Second,michigan,louisville,7,2,michigan
2017,Midwest,Sweet 16,kansas,purdue,1,4,kansas
2017,Midwest,Sweet 16,oregon,michigan,3,7,oregon
2017,Midwest,Elite 8,kansas,oregon,1,3,oregon
2017,South,First,north-carolina,texas-southern,1,16,north-carolina
2017,South,First,arkansas,seton-hall,8,9,arkansas
2017,South,First,minnesota,middle-tennessee,5,12,middle-tennessee
2017,South,First,butler,winthrop,4,13,butler
2017,South,First,cincinnati,kansas-state,6,11,cincinnati
2017,South,First,ucla,kent-state,3,14,ucla
2017,South,First,dayton,wichita-state,7,10,wichita-state
2017,South,First,kentucky,northern-kentucky,2,15,kentucky
2017,South,Second,north-carolina,arkansas,1,8,north-carolina
2017,South,Second,middle-tennessee,butler,12,4,butler
2017,South,Second,cincinnati,ucla,6,3,ucla
2017,South,Second,wichita-state,kentucky,10,2,kentucky
2017,South,Sweet 16,north-carolina,butler,1,4,north-carolina
2017,South,Sweet 16,ucla,kentucky,3,2,kentucky
2017,South,Elite 8,north-carolina,kentucky,1,2,north-carolina
2017,West,First,gonzaga,south-dakota-state,1,16,gonzaga
2017,West,First,northwestern,vanderbilt,8,9,northwestern
2017,West,First,notre-dame,princeton,5,12,notre-dame
2017,West,First,west-virginia,bucknell,4,13,west-virginia
2017,West,First,maryland,xavier,6,11,xavier
2017,West,First,florida-state,florida-gulf-coast,3,14,florida-state
2017,West,First,saint-marys-ca,virginia-commonwealth,7,10,saint-marys-ca
2017,West,First,arizona,north-dakota,2,15,arizona
2017,West,Second,gonzaga,northwestern,1,8,gonzaga
2017,West,Second,notre-dame,west-virginia,5,4,west-virginia
2017,West,Second,xavier,florida-state,11,3,xavier
2017,West,Second,saint-marys-ca,arizona,7,2,arizona
2017,West,Sweet 16,gonzaga,west-virginia,1,4,gonzaga
2017,West,Sweet 16,xavier,arizona,11,2,xavier
2017,West,Elite 8,gonzaga,xavier,1,11,gonzaga
2017,National,Final 4,oregon,north-carolina,3,1,north-carolina
2017,National,Final 4,south-carolina,gonzaga,7,1,gonzaga
2017,National,National Championship,north-carolina,gonzaga,1,1,north-carolina
2018,East,First,villanova,radford,1,16,villanova
2018,East,First,virginia-tech,alabama,8,9,alabama
2018,East,First,west-virginia,murray-state,5,12,west-virginia
2018,East,First,wichita-state,marshall,4,13,marshall
2018,East,First,florida,st-bonaventure,6,11,florida
2018,East,First,texas-tech,stephen-f-austin,3,14,texas-tech
2018,East,First,arkansas,butler,7,10,butler
2018,East,First,purdue,cal-state-fullerton,2,15,purdue
2018,East,Second,villanova,alabama,1,9,villanova
2018,East,Second,west-virginia,marshall,5,13,west-virginia
2018,East,Second,florida,texas-tech,6,3,texas-tech
2018,East,Second,butler,purdue,10,2,purdue
2018,East,Sweet 16,villanova,west-virginia,1,5,villanova
2018,East,Sweet 16,texas-tech,purdue,3,2,texas-tech
2018,East,Elite 8,villanova,texas-tech,1,3,villanova
2018,Midwest,First,kansas,pennsylvania,1,16,kansas
2018,Midwest,First,seton-hall,north-carolina-state,8,9,seton-hall
2018,Midwest,First,clemson,new-mexico-state,5,12,clemson
2018,Midwest,First,auburn,college-of-charleston,4,13,auburn
2018,Midwest,First,texas-christian,syracuse,6,11,syracuse
2018,Midwest,First,michigan-state,bucknell,3,14,michigan-state
2018,Midwest,First,rhode-island,oklahoma,7,10,rhode-island
2018,Midwest,First,duke,iona,2,15,duke
2018,Midwest,Second,kansas,seton-hall,1,8,kansas
2018,Midwest,Second,clemson,auburn,5,4,clemson
2018,Midwest,Second,syracuse,michigan-state,11,3,syracuse
2018,Midwest,Second,rhode-island,duke,7,2,duke
2018,Midwest,Sweet 16,kansas,clemson,1,5,kansas
2018,Midwest,Sweet 16,syracuse,duke,11,2,duke
2018,Midwest,Elite 8,kansas,duke,1,2,kansas
2018,South,First,virginia,maryland-baltimore-county,1,16,maryland-baltimore-county
2018,South,First,creighton,kansas-state,8,9,kansas-state
2018,South,First,kentucky,davidson,5,12,kentucky
2018,South,First,arizona,buffalo,4,13,buffalo
2018,South,First,miami-fl,loyola-il,6,11,loyola-il
2018,South,First,tennessee,wright-state,3,14,tennessee
2018,South,First,nevada,texas,7,10,nevada
2018,South,First,cincinnati,georgia-state,2,15,cincinnati
2018,South,Second,maryland-baltimore-county,kansas-state,16,9,kansas-state
2018,South,Second,kentucky,buffalo,5,13,kentucky
2018,South,Second,loyola-il,tennessee,11,3,loyola-il
2018,South,Second,nevada,cincinnati,7,2,nevada
2018,South,Sweet 16,kansas-state,kentucky,9,5,kansas-state
2018,South,Sweet 16,loyola-il,nevada,11,7,loyola-il
2018,South,Elite 8,kansas-state,loyola-il,9,11,loyola-il
2018,West,First,xavier,texas-southern,1,16,xavier
2018,West,First,missouri,florida-state,8,9,florida-state
2018,West,First,ohio-state,south-dakota-state,5,12,ohio-state
2018,West,First,gonzaga,north-carolina-greensboro,4,13,gonzaga
2018,West,First,houston,san-diego-state,6,11,houston
2018,West,First,michigan,montana,3,14,michigan
2018,West,First,texas-am,providence,7,10,texas-am
2018,West,First,north-carolina,lipscomb,2,15,north-carolina
2018,West,Second,xavier,florida-state,1,9,florida-state
2018,West,Second,ohio-state,gonzaga,5,4,gonzaga
2018,West,Second,houston,michigan,6,3,michigan
2018,West,Second,texas-am,north-carolina,7,2,texas-am
2018,West,Sweet 16,florida-state,gonzaga,9,4,florida-state
2018,West,Sweet 16,michigan,texas-am,3,7,michigan
2018,West,Elite 8,florida-state,michigan,9,3,michigan
2018,National,Final 4,villanova,kansas,1,1,villanova
2018,National,Final 4,loyola-il,michigan,11,3,michigan
2018,National,National Championship,villanova,michigan,1,3,villanova
2019,East,First,duke,north-dakota-state,1,16,duke
2019,East,First,virginia-commonwealth,central-florida,8,9,central-florida
2019,East,First,mississippi-state,liberty,5,12,liberty
2019,East,First,virginia-tech,saint-louis,4,13,virginia-tech
2019,East,First,maryland,belmont,6,11,maryland
2019,East,First,louisiana-state,yale,3,14,louisiana-state
2019,East,First,louisville,minnesota,7,10,minnesota
2019,East,First,michigan-state,bradley,2,15,michigan-state
2019,East,Second,duke,central-florida,1,9,duke
2019,East,Second,liberty,virginia-tech,12,4,virginia-tech
2019,East,Second,maryland,louisiana-state,6,3,louisiana-state
2019,East,Second,minnesota,michigan-state,10,2,michigan-state
2019,East,Sweet 16,duke,virginia-tech,1,4,duke
2019,East,Sweet 16,louisiana-state,michigan-state,3,2,michigan-state
2019,East,Elite 8,duke,michigan-state,1,2,michigan-state
2019,Midwest,First,north-carolina,iona,1,16,north-carolina
2019,Midwest,First,utah-state,washington,8,9,washington
2019,Midwest,First,auburn,new-mexico-state,5,12,auburn
2019,Midwest,First,kansas,northeastern,4,13,kansas
2019,Midwest,First,iowa-state,ohio-state,6,11,ohio-state
2019,Midwest,First,houston,georgia-state,3,14,houston
2019,Midwest,First,wofford,seton-hall,7,10,wofford
2019,Midwest,First,kentucky,abilene-christian,2,15,kentucky
2019,Midwest,Second,north-carolina,washington,1,9,north-carolina
2019,Midwest,Second,auburn,kansas,5,4,auburn
2019,Midwest,Second,ohio-state,houston,11,3,houston
2019,Midwest,Second,wofford,kentucky,7,2,kentucky
2019,Midwest,Sweet 16,north-carolina,auburn,1,5,auburn
2019,Midwest,Sweet 16,houston,kentucky,3,2,kentucky
2019,Midwest,Elite 8,auburn,kentucky,5,2,auburn
2019,South,First,virginia,gardner-webb,1,16,virginia
2019,South,First,mississippi,oklahoma,8,9,oklahoma
2019,South,First,wisconsin,oregon,5,12,oregon
2019,South,First,kansas-state,california-irvine,4,13,california-irvine
2019,South,First,villanova,saint-marys-ca,6,11,villanova
2019,South,First,purdue,old-dominion,3,14,purdue
2019,South,First,cincinnati,iowa,7,10,iowa
2019,South,First,tennessee,colgate,2,15,tennessee
2019,South,Second,virginia,oklahoma,1,9,virginia
2019,South,Second,oregon,california-irvine,12,13,oregon
2019,South,Second,villanova,purdue,6,3,purdue
2019,South,Second,iowa,tennessee,10,2,tennessee
2019,South,Sweet 16,virginia,oregon,1,12,virginia
2019,South,Sweet 16,purdue,tennessee,3,2,purdue
2019,South,Elite 8,virginia,purdue,1,3,virginia
2019,West,First,gonzaga,fairleigh-dickinson,1,16,gonzaga
2019,West,First,syracuse,baylor,8,9,baylor
2019,West,First,marquette,murray-state,5,12,murray-state
2019,West,First,florida-state,vermont,4,13,florida-state
2019,West,First,buffalo,arizona-state,6,11,buffalo
2019,West,First,texas-tech,northern-kentucky,3,14,texas-tech
2019,West,First,nevada,florida,7,10,florida
2019,West,First,michigan,montana,2,15,michigan
2019,West,Second,gonzaga,baylor,1,9,gonzaga
2019,West,Second,murray-state,florida-state,12,4,florida-state
2019,West,Second,buffalo,texas-tech,6,3,texas-tech
2019,West,Second,florida,michigan,10,2,michigan
2019,West,Sweet 16,gonzaga,florida-state,1,4,gonzaga
2019,West,Sweet 16,texas-tech,michigan,3,2,texas-tech
2019,West,Elite 8,gonzaga,texas-tech,1,3,texas-tech
2019,National,Final 4,virginia,auburn,1,5,virginia
2019,National,Final 4,texas-tech,michigan-state,3,2,texas-tech
2019,National,National Championship,virginia,texas-tech,1,3,virginia
2021,East,First,michigan,texas-southern,1,16,michigan
2021,East,First,louisiana-state,st-bonaventure,8,9,louisiana-state
2021,East,First,colorado,georgetown,5,12,colorado
2021,East,First,florida-state,north-carolina-greensboro,4,13,florida-state
2021,East,First,brigham-young,ucla,6,11,ucla
2021,East,First,texas,abilene-christian,3,14,abilene-christian
2021,East,First,connecticut,maryland,7,10,maryland
2021,East,First,alabama,iona,2,15,alabama
2021,East,Second,michigan,louisiana-state,1,8,michigan
2021,East,Second,colorado,florida-state,5,4,florida-state
2021,East,Second,ucla,abilene-christian,11,14,ucla
2021,East,Second,maryland,alabama,10,2,alabama
2021,East,Sweet 16,michigan,florida-state,1,4,michigan
2021,East,Sweet 16,ucla,alabama,11,2,ucla
2021,East,Elite 8,michigan,ucla,1,11,ucla
2021,Midwest,First,illinois,drexel,1,16,illinois
2021,Midwest,First,loyola-il,georgia-tech,8,9,loyola-il
2021,Midwest,First,tennessee,oregon-state,5,12,oregon-state
2021,Midwest,First,oklahoma-state,liberty,4,13,oklahoma-state
2021,Midwest,First,san-diego-state,syracuse,6,11,syracuse
2021,Midwest,First,west-virginia,morehead-state,3,14,west-virginia
2021,Midwest,First,clemson,rutgers,7,10,rutgers
2021,Midwest,First,houston,cleveland-state,2,15,houston
2021,Midwest,Second,illinois,loyola-il,1,8,loyola-il
2021,Midwest,Second,oregon-state,oklahoma-state,12,4,oregon-state
2021,Midwest,Second,syracuse,west-virginia,11,3,syracuse
2021,Midwest,Second,rutgers,houston,10,2,houston
2021,Midwest,Sweet 16,loyola-il,oregon-state,8,12,oregon-state
2021,Midwest,Sweet 16,syracuse,houston,11,2,houston
2021,Midwest,Elite 8,oregon-state,houston,12,2,houston
2021,South,First,baylor,hartford,1,16,baylor
2021,South,First,north-carolina,wisconsin,8,9,wisconsin
2021,South,First,villanova,winthrop,5,12,villanova
2021,South,First,purdue,north-texas,4,13,north-texas
2021,South,First,texas-tech,utah-state,6,11,texas-tech
2021,South,First,arkansas,colgate,3,14,arkansas
2021,South,First,florida,virginia-tech,7,10,florida
2021,South,First,ohio-state,oral-roberts,2,15,oral-roberts
2021,South,Second,baylor,wisconsin,1,9,baylor
2021,South,Second,villanova,north-texas,5,13,villanova
2021,South,Second,texas-tech,arkansas,6,3,arkansas
2021,South,Second,florida,oral-roberts,7,15,oral-roberts
2021,South,Sweet 16,baylor,villanova,1,5,baylor
2021,South,Sweet 16,arkansas,oral-roberts,3,15,arkansas
2021,South,Elite 8,baylor,arkansas,1,3,baylor
2021,West,First,gonzaga,norfolk-state,1,16,gonzaga
2021,West,First,oklahoma,missouri,8,9,oklahoma
2021,West,First,creighton,california-santa-barbara,5,12,creighton
2021,West,First,virginia,ohio,4,13,ohio
2021,West,First,southern-california,drake,6,11,southern-california
2021,West,First,kansas,eastern-washington,3,14,kansas
2021,West,First,oregon,virginia-commonwealth,7,10,virginia-commonwealth
2021,West,First,iowa,grand-canyon,2,15,iowa
2021,West,Second,gonzaga,oklahoma,1,8,gonzaga
2021,West,Second,creighton,ohio,5,13,creighton
2021,West,Second,southern-california,kansas,6,3,southern-california
2021,West,Second,oregon,iowa,7,2,oregon
2021,West,Sweet 16,gonzaga,creighton,1,5,gonzaga
2021,West,Sweet 16,southern-california,oregon,6,7,southern-california
2021,West,Elite 8,gonzaga,southern-california,1,6,gonzaga
2021,National,Final 4,baylor,houston,1,2,baylor
2021,National,Final 4,gonzaga,ucla,1,11,gonzaga
2021,National,National Championship,baylor,gonzaga,1,1,baylor
2022,East,First,baylor,norfolk-state,1,16,baylor
2022,East,First,north-carolina,marquette,8,9,north-carolina
2022,East,First,saint-marys-ca,indiana,5,12,saint-marys-ca
2022,East,First,ucla,akron,4,13,ucla
2022,East,First,texas,virginia-tech,6,11,texas
2022,East,First,purdue,yale,3,14,purdue
2022,East,First,murray-state,san-francisco,7,10,murray-state
2022,East,First,kentucky,saint-peters,2,15,saint-peters
2022,East,Second,baylor,north-carolina,1,8,north-carolina
2022,East,Second,saint-marys-ca,ucla,5,4,ucla
2022,East,Second,texas,purdue,6,3,purdue
2022,East,Second,murray-state,saint-peters,7,15,saint-peters
2022,East,Sweet 16,north-carolina,ucla,8,4,north-carolina
2022,East,Sweet 16,purdue,saint-peters,3,15,saint-peters
2022,East,Elite 8,north-carolina,saint-peters,8,15,north-carolina
2022,Midwest,First,kansas,texas-southern,1,16,kansas
2022,Midwest,First,san-diego-state,creighton,8,9,creighton
2022,Midwest,First,iowa,richmond,5,12,richmond
2022,Midwest,First,providence,south-dakota-state,4,13,providence
2022,Midwest,First,louisiana-state,iowa-state,6,11,iowa-state
2022,Midwest,First,wisconsin,colgate,3,14,wisconsin
2022,Midwest,First,southern-california,miami-fl,7,10,miami-fl
2022,Midwest,First,auburn,jacksonville-state,2,15,auburn
2022,Midwest,Second,kansas,creighton,1,9,kansas
2022,Midwest,Second,richmond,providence,12,4,providence
2022,Midwest,Second,iowa-state,wisconsin,11,3,iowa-state
2022,Midwest,Second,miami-fl,auburn,10,2,miami-fl
2022,Midwest,Sweet 16,kansas,providence,1,4,kansas
2022,Midwest,Sweet 16,iowa-state,miami-fl,11,10,miami-fl
2022,Midwest,Elite 8,kansas,miami-fl,1,10,kansas
2022,South,First,arizona,wright-state,1,16,arizona
2022,South,First,seton-hall,texas-christian,8,9,texas-christian
2022,South,First,houston,alabama-birmingham,5,12,houston
2022,South,First,illinois,chattanooga,4,13,illinois
2022,South,First,colorado-state,michigan,6,11,michigan
2022,South,First,tennessee,longwood,3,14,tennessee
2022,South,First,ohio-state,loyola-il,7,10,ohio-state
2022,South,First,villanova,delaware,2,15,villanova
2022,South,Second,arizona,texas-christian,1,9,arizona
2022,South,Second,houston,illinois,5,4,houston
2022,South,Second,michigan,tennessee,11,3,michigan
2022,South,Second,ohio-state,villanova,7,2,villanova
2022,South,Sweet 16,arizona,houston,1,5,houston
2022,South,Sweet 16,michigan,villanova,11,2,villanova
2022,South,Elite 8,houston,villanova,5,2,villanova
2022,West,First,gonzaga,georgia-state,1,16,gonzaga
2022,West,First,boise-state,memphis,8,9,memphis
2022,West,First,connecticut,new-mexico-state,5,12,new-mexico-state
2022,West,First,arkansas,vermont,4,13,arkansas
2022,West,First,alabama,notre-dame,6,11,notre-dame
2022,West,First,texas-tech,montana-state,3,14,texas-tech
2022,West,First,michigan-state,davidson,7,10,michigan-state
2022,West,First,duke,cal-state-fullerton,2,15,duke
2022,West,Second,gonzaga,memphis,1,9,gonzaga
2022,West,Second,new-mexico-state,arkansas,12,4,arkansas
2022,West,Second,notre-dame,texas-tech,11,3,texas-tech
2022,West,Second,michigan-state,duke,7,2,duke
2022,West,Sweet 16,gonzaga,arkansas,1,4,arkansas
2022,West,Sweet 16,texas-tech,duke,3,2,duke
2022,West,Elite 8,arkansas,duke,4,2,duke
2022,National,Final 4,villanova,kansas,2,1,kansas
2022,National,Final 4,duke,north-carolina,2,8,north-carolina
2022,National,National Championship,kansas,north-carolina,1,8,kansas
2023,East,First,purdue,fairleigh-dickinson,1,16,fairleigh-dickinson
2023,East,First,memphis,florida-atlantic,8,9,florida-atlantic
2023,East,First,duke,oral-roberts,5,12,duke
2023,East,First,tennessee,louisiana-lafayette,4,13,tennessee
2023,East,First,kentucky,providence,6,11,kentucky
2023,East,First,kansas-state,montana-state,3,14,kansas-state
2023,East,First,michigan-state,southern-california,7,10,michigan-state
2023,East,First,marquette,vermont,2,15,marquette
2023,East,Second,fairleigh-dickinson,florida-atlantic,16,9,florida-atlantic
2023,East,Second,duke,tennessee,5,4,tennessee
2023,East,Second,kentucky,kansas-state,6,3,kansas-state
2023,East,Second,michigan-state,marquette,7,2,michigan-state
2023,East,Sweet 16,florida-atlantic,tennessee,9,4,florida-atlantic
2023,East,Sweet 16,kansas-state,michigan-state,3,7,kansas-state
2023,East,Elite 8,florida-atlantic,kansas-state,9,3,florida-atlantic
2023,Midwest,First,houston,northern-kentucky,1,16,houston
2023,Midwest,First,iowa,auburn,8,9,auburn
2023,Midwest,First,miami-fl,drake,5,12,miami-fl
2023,Midwest,First,indiana,kent-state,4,13,indiana
2023,Midwest,First,iowa-state,pittsburgh,6,11,pittsburgh
2023,Midwest,First,xavier,kennesaw-state,3,14,xavier
2023,Midwest,First,texas-am,penn-state,7,10,penn-state
2023,Midwest,First,texas,colgate,2,15,texas
2023,Midwest,Second,houston,auburn,1,9,houston
2023,Midwest,Second,miami-fl,indiana,5,4,miami-fl
2023,Midwest,Second,pittsburgh,xavier,11,3,xavier
2023,Midwest,Second,penn-state,texas,10,2,texas
2023,Midwest,Sweet 16,houston,miami-fl,1,5,miami-fl
2023,Midwest,Sweet 16,xavier,texas,3,2,texas
2023,Midwest,Elite 8,miami-fl,texas,5,2,miami-fl
2023,South,First,alabama,texas-am-corpus-christi,1,16,alabama
2023,South,First,maryland,west-virginia,8,9,maryland
2023,South,First,san-diego-state,college-of-charleston,5,12,san-diego-state
2023,South,First,virginia,furman,4,13,furman
2023,South,First,creighton,north-carolina-state,6,11,creighton
2023,South,First,baylor,california-santa-barbara,3,14,baylor
2023,South,First,missouri,utah-state,7,10,missouri
2023,South,First,arizona,princeton,2,15,princeton
2023,South,Second,alabama,maryland,1,8,alabama
2023,South,Second,san-diego-state,furman,5,13,san-diego-state
2023,South,Second,creighton,baylor,6,3,creighton
2023,South,Second,missouri,princeton,7,15,princeton
2023,South,Sweet 16,alabama,san-diego-state,1,5,san-diego-state
2023,South,Sweet 16,creighton,princeton,6,15,creighton
2023,South,Elite 8,san-diego-state,creighton,5,6,san-diego-state
2023,West,First,kansas,howard,1,16,kansas
2023,West,First,arkansas,illinois,8,9,arkansas
2023,West,First,saint-marys-ca,virginia-commonwealth,5,12,saint-marys-ca
2023,West,First,connecticut,iona,4,13,connecticut
2023,West,First,texas-christian,arizona-state,6,11,texas-christian
2023,West,First,gonzaga,grand-canyon,3,14,gonzaga
2023,West,First,northwestern,boise-state,7,10,northwestern
2023,West,First,ucla,north-carolina-asheville,2,15,ucla
2023,West,Second,kansas,arkansas,1,8,arkansas
2023,West,Second,saint-marys-ca,connecticut,5,4,connecticut
2023,West,Second,texas-christian,gonzaga,6,3,gonzaga
2023,West,Second,northwestern,ucla,7,2,ucla
2023,West,Sweet 16,arkansas,connecticut,8,4,connecticut
2023,West,Sweet 16,gonzaga,ucla,3,2,gonzaga
2023,West,Elite 8,connecticut,gonzaga,4,3,connecticut
2023,National,Final 4,florida-atlantic,san-diego-state,9,5,san-diego-state
2023,National,Final 4,miami-fl,connecticut,5,4,connecticut
2023,National,National Championship,san-diego-state,connecticut,5,4,connecticut
2024,East,First,connecticut,stetson,1,16,connecticut
2024,East,First,florida-atlantic,northwestern,8,9,northwestern
2024,East,First,san-diego-state,alabama-birmingham,5,12,san-diego-state
2024,East,First,auburn,yale,4,13,yale
2024,East,First,brigham-young,duquesne,6,11,duquesne
2024,East,First,illinois,morehead-state,3,14,illinois
2024,East,First,washington-state,drake,7,10,washington-state
2024,East,First,iowa-state,south-dakota-state,2,15,iowa-state
2024,East,Second,connecticut,northwestern,1,9,connecticut
2024,East,Second,san-diego-state,yale,5,13,san-diego-state
2024,East,Second,duquesne,illinois,11,3,illinois
2024,East,Second,washington-state,iowa-state,7,2,iowa-state
2024,East,Sweet 16,connecticut,san-diego-state,1,5,connecticut
2024,East,Sweet 16,illinois,iowa-state,3,2,illinois
2024,East,Elite 8,connecticut,illinois,1,3,connecticut
2024,Midwest,First,purdue,grambling,1,16,purdue
2024,Midwest,First,utah-state,texas-christian,8,9,utah-state
2024,Midwest,First,gonzaga,mcneese-state,5,12,gonzaga
2024,Midwest,First,kansas,samford,4,13,kansas
2024,Midwest,First,south-carolina,oregon,6,11,oregon
2024,Midwest,First,creighton,akron,3,14,creighton
2024,Midwest,First,texas,colorado-state,7,10,texas
2024,Midwest,First,tennessee,saint-peters,2,15,tennessee
2024,Midwest,Second,purdue,utah-state,1,8,purdue
2024,Midwest,Second,gonzaga,kansas,5,4,gonzaga
2024,Midwest,Second,oregon,creighton,11,3,creighton
2024,Midwest,Second,texas,tennessee,7,2,tennessee
2024,Midwest,Sweet 16,purdue,gonzaga,1,5,purdue
2024,Midwest,Sweet 16,creighton,tennessee,3,2,tennessee
2024,Midwest,Elite 8,purdue,tennessee,1,2,purdue
2024,South,First,houston,longwood,1,16,houston
2024,South,First,nebraska,texas-am,8,9,texas-am
2024,South,First,wisconsin,james-madison,5,12,james-madison
2024,South,First,duke,vermont,4,13,duke
2024,South,First,texas-tech,north-carolina-state,6,11,north-carolina-state
2024,South,First,kentucky,oakland,3,14,oakland
2024,South,First,florida,colorado,7,10,colorado
2024,South,First,marquette,western-kentucky,2,15,marquette
2024,South,Second,houston,texas-am,1,9,houston
2024,South,Second,james-madison,duke,12,4,duke
2024,South,Second,north-carolina-state,oakland,11,14,north-carolina-state
2024,South,Second,colorado,marquette,10,2,marquette
2024,South,Sweet 16,houston,duke,1,4,duke
2024,South,Sweet 16,north-carolina-state,marquette,11,2,north-carolina-state
2024,South,Elite 8,duke,north-carolina-state,4,11,north-carolina-state
2024,West,First,north-carolina,wagner,1,16,north-carolina
2024,West,First,mississippi-state,michigan-state,8,9,michigan-state
2024,West,First,saint-marys-ca,grand-canyon,5,12,grand-canyon
2024,West,First,alabama,college-of-charleston,4,13,alabama
2024,West,First,clemson,new-mexico,6,11,clemson
2024,West,First,baylor,colgate,3,14,baylor
2024,West,First,dayton,nevada,7,10,dayton
2024,West,First,arizona,long-beach-state,2,15,arizona
2024,West,Second,north-carolina,michigan-state,1,9,north-carolina
2024,West,Second,grand-canyon,alabama,12,4,alabama
2024,West,Second,clemson,baylor,6,3,clemson
2024,West,Second,dayton,arizona,7,2,arizona
2024,West,Sweet 16,north-carolina,alabama,1,4,alabama
2024,West,Sweet 16,clemson,arizona,6,2,clemson
2024,West,Elite 8,alabama,clemson,4,6,alabama
2024,National,Final 4,connecticut,alabama,1,4,connecticut
2024,National,Final 4,purdue,north-carolina-state,1,11,purdue
2024,National,National Championship,connecticut,purdue,1,1,connecticut
2025,East,First,duke,mount-st-marys,1,16,duke
2025,East,First,mississippi-state,baylor,8,9,baylor
2025,East,First,oregon,liberty,5,12,oregon
2025,East,First,arizona,akron,4,13,arizona
2025,East,First,brigham-young,virginia-commonwealth,6,11,brigham-young
2025,East,First,wisconsin,montana,3,14,wisconsin
2025,East,First,saint-marys-ca,vanderbilt,7,10,saint-marys-ca
2025,East,First,alabama,robert-morris,2,15,alabama
2025,East,Second,duke,baylor,1,9,duke
2025,East,Second,oregon,arizona,5,4,arizona
2025,East,Second,brigham-young,wisconsin,6,3,brigham-young
2025,East,Second,saint-marys-ca,alabama,7,2,alabama
2025,East,Sweet 16,duke,arizona,1,4,duke
2025,East,Sweet 16,brigham-young,alabama,6,2,alabama
2025,East,Elite 8,duke,alabama,1,2,duke
2025,Midwest,First,houston,southern-illinois-edwardsville,1,16,houston
2025,Midwest,First,gonzaga,georgia,8,9,gonzaga
2025,Midwest,First,clemson,mcneese-state,5,12,mcneese-state
2025,Midwest,First,purdue,high-point,4,13,purdue
2025,Midwest,First,illinois,xavier,6,11,illinois
2025,Midwest,First,kentucky,troy,3,14,kentucky
2025,Midwest,First,ucla,utah-state,7,10,ucla
2025,Midwest,First,tennessee,wofford,2,15,tennessee
2025,Midwest,Second,houston,gonzaga,1,8,houston
2025,Midwest,Second,mcneese-state,purdue,12,4,purdue
2025,Midwest,Second,illinois,kentucky,6,3,kentucky
2025,Midwest,Second,ucla,tennessee,7,2,tennessee
2025,Midwest,Sweet 16,houston,purdue,1,4,houston
2025,Midwest,Sweet 16,kentucky,tennessee,3,2,tennessee
2025,Midwest,Elite 8,houston,tennessee,1,2,houston
2025,South,First,auburn,alabama-state,1,16,auburn
2025,South,First,louisville,creighton,8,9,creighton
2025,South,First,michigan,california-san-diego,5,12,michigan
2025,South,First,texas-am,yale,4,13,texas-am
2025,South,First,mississippi,north-carolina,6,11,mississippi
2025,South,First,iowa-state,lipscomb,3,14,iowa-state
2025,South,First,marquette,new-mexico,7,10,new-mexico
2025,South,First,michigan-state,bryant,2,15,michigan-state
2025,South,Second,auburn,creighton,1,9,auburn
2025,South,Second,michigan,texas-am,5,4,michigan
2025,South,Second,mississippi,iowa-state,6,3,mississippi
2025,South,Second,new-mexico,michigan-state,10,2,michigan-state
2025,South,Sweet 16,auburn,michigan,1,5,auburn
2025,South,Sweet 16,mississippi,michigan-state,6,2,michigan-state
2025,South,Elite 8,auburn,michigan-state,1,2,auburn
2025,West,First,florida,norfolk-state,1,16,florida
2025,West,First,connecticut,oklahoma,8,9,connecticut
2025,West,First,memphis,colorado-state,5,12,colorado-state
2025,West,First,maryland,grand-canyon,4,13,maryland
2025,West,First,missouri,drake,6,11,drake
2025,West,First,texas-tech,north-carolina-wilmington,3,14,texas-tech
2025,West,First,kansas,arkansas,7,10,arkansas
2025,West,First,st-johns-ny,nebraska-omaha,2,15,st-johns-ny
2025,West,Second,florida,connecticut,1,8,florida
2025,West,Second,colorado-state,maryland,12,4,maryland
2025,West,Second,drake,texas-tech,11,3,texas-tech
2025,West,Second,arkansas,st-johns-ny,10,2,arkansas
2025,West,Sweet 16,florida,maryland,1,4,florida
2025,West,Sweet 16,texas-tech,arkansas,3,10,texas-tech
2025,West,Elite 8,florida,texas-tech,1,3,florida
2025,National,Final 4,auburn,florida,1,1,florida
2025,National,Final 4,duke,houston,1,1,houston
2025,National,National Championship,florida,houston,1,1,florida
